MSE,RMSE,MAE,MAPE,R2,Direction_Accuracy
82.53695237468203,9.084984995842428,5.655997653537327,2.5629080187948334,0.8895703414929137,40.88888888888889
