MSE,RMSE,MAE,MAPE,R2,Direction_Accuracy
56.11840827280375,7.491222081396582,4.900540284122918,2.2378155678581875,0.9265346496851188,53.48837209302325
