MSE,RMSE,MAE,MAPE,R2,Direction_Accuracy
26.448565923061228,5.142816924902268,3.8550060979981007,1.775448568015137,0.9493652161440421,60.46511627906976
