MSE,RMSE,MAE,MAPE,R2,Direction_Accuracy
26.991735482810874,5.195357108304575,3.8810896187938977,1.786720873896023,0.9483253384684409,59.53488372093023
