MSE,RMSE,MAE,MAPE,R2,Direction_Accuracy
54.25903395525547,7.366073170642243,4.741213185297877,2.16823587956478,0.9289687811904377,55.348837209302324
